projeto_id;projeto_nome
1;[Pereira - Barros Comércio] - Mandatory fault-tolerant Graphical User Interface
3;[Costa Comércio Comércio] - Sharable non-volatile internet solution
2;[Xavier EIRELI S.A.] - Vision-oriented holistic architecture
4;[Batista, Moreira and Pereira LTDA] - Monitored multi-state installation
5;[Melo, Melo and Santos e Associados] - Organized impactful instruction set
6;[Costa LTDA S.A.] - Total asynchronous secured line
7;[Carvalho, Costa and Costa e Associados] - Ergonomic methodical methodology
8;[Santos - Batista Comércio] - Stand-alone well-modulated policy
9;[Souza Comércio e Associados] - Innovative background implementation
10;[Albuquerque, Albuquerque and Carvalho Comércio] - Mandatory human-resource open architecture
